SID,CLASS_YEAR,CLASS_SEMESTER,UNITS_ATTEMPTED,DFW_UNITS,CUM_UNITS_ATTEMPTED,CUM_DFW_UNITS,DFW_RATE,CUM_DFW_RATE
000GPJ93V,2020,Fall,8,0,8,0,0.0,0.0
000GPJ93V,2021,Spring,13,6,21,6,0.46153846153846156,0.2857142857142857
000M7YLAX,2015,Fall,12,3,12,3,0.25,0.25
000M7YLAX,2016,Spring,12,0,24,3,0.0,0.125
000M7YLAX,2016,Fall,15,3,39,6,0.2,0.15384615384615385
